{"count":1,"self":33.4990176,"total":487.44275369999997,"children":{"InitializeActuators":{"count":25,"self":0.0005043,"total":0.0005043,"children":null},"InitializeSensors":{"count":25,"self":0.0009966,"total":0.0009966,"children":null},"AgentSendState":{"count":99001,"self":0.16347019999999998,"total":0.9643088,"children":{"CollectObservations":{"count":247525,"self":0.1264388,"total":0.1264388,"children":null},"WriteActionMask":{"count":247525,"self":0.023234499999999998,"total":0.023234499999999998,"children":null},"RequestDecision":{"count":247525,"self":0.1807045,"total":0.6511653,"children":{"AgentInfo.ToProto":{"count":247525,"self":0.1340904,"total":0.47046079999999996,"children":{"GenerateSensorData":{"count":247525,"self":0.33637039999999996,"total":0.33637039999999996,"children":null}}}}}}},"DecideAction":{"count":99001,"self":450.3078912,"total":450.3078814,"children":null},"AgentAct":{"count":99001,"self":2.4951855999999997,"total":2.6700435,"children":{"AgentInfo.ToProto":{"count":32139,"self":0.051929699999999995,"total":0.17485799999999999,"children":{"GenerateSensorData":{"count":32139,"self":0.12292829999999999,"total":0.12292829999999999,"children":null}}}}}},"gauges":{"RollerBall.CumulativeReward":{"count":32139,"max":2,"min":0,"runningAverage":1.0506109,"value":1,"weightedAverage":1.18950593}},"metadata":{"timer_format_version":"0.1.0","start_time_seconds":"1702149290","unity_version":"2022.3.15f1","command_line_arguments":"C:\\Program Files\\Unity\\Hub\\Editor\\2022.3.15f1\\Editor\\Unity.exe -projectpath C:\\PU\\mla -useHub -hubIPC -cloudEnvironment production -licensingIpc LicenseClient-Knightalli -hubSessionId 9e5815c8-017f-499f-a4fb-329948793b8f -accessToken ReP97Ry14Wo88fQETyq5ayrsEV5dBIjUdMABJiQ9vIs009f","communication_protocol_version":"1.5.0","com.unity.ml-agents_version":"2.2.1-exp.1","scene_name":"SampleScene","end_time_seconds":"1702149778"}}